Systolic_Pressure, Dyastolic_Pressure,Pulse, note
160,113,135,marco.perfect
time,pressure(mmHg)
0.0,-16.668037027440334
0.01,-16.668037027440334
0.02,-15.854168013768458
0.03,-14.633364493260647
0.04,-16.668037027440334
0.05,-4.460002210445195
0.06,-13.005626465916896
0.07,-15.854168013768458
0.08,-16.668037027440334
0.09,-16.668037027440334
0.1,-16.668037027440334
0.11,-16.261102520604396
0.12,-16.261102520604396
0.13,-16.261102520604396
0.14,-16.261102520604396
0.15,-16.261102520604396
0.16,-16.261102520604396
0.17,-16.261102520604396
0.18,-16.261102520604396
0.19,-16.261102520604396
0.2,-16.261102520604396
0.21,-16.261102520604396
0.22,-16.261102520604396
0.23,-16.261102520604396
0.24,-16.261102520604396
0.25,-16.261102520604396
0.26,-16.261102520604396
0.27,-16.261102520604396
0.28,-16.261102520604396
0.29,-16.261102520604396
0.3,-16.261102520604396
0.31,-16.261102520604396
0.32,-16.261102520604396
0.33,-16.261102520604396
0.34,-16.261102520604396
0.35,-16.261102520604396
0.36,-16.261102520604396
0.37,-16.261102520604396
0.38,-16.261102520604396
0.39,-16.261102520604396
0.4,-16.261102520604396
0.41,-16.261102520604396
0.42,-16.261102520604396
0.43,-16.261102520604396
0.44,-16.261102520604396
0.45,-16.261102520604396
0.46,-16.261102520604396
0.47,-16.261102520604396
0.48,-16.261102520604396
0.49,-16.261102520604396
0.5,-16.261102520604396
0.51,-16.261102520604396
0.52,-16.261102520604396
0.53,-16.261102520604396
0.54,-16.261102520604396
0.55,-16.261102520604396
0.56,-16.261102520604396
0.57,-16.261102520604396
0.58,-16.261102520604396
0.59,-16.261102520604396
0.6,-16.261102520604396
0.61,-16.261102520604396
0.62,-16.261102520604396
0.63,-16.261102520604396
0.64,-16.261102520604396
0.65,-16.261102520604396
0.66,-16.261102520604396
0.67,-16.261102520604396
0.68,-16.261102520604396
0.69,-16.261102520604396
0.7,-16.261102520604396
0.71,-16.261102520604396
0.72,-16.261102520604396
0.73,-16.261102520604396
0.74,-16.261102520604396
0.75,-16.261102520604396
0.76,-16.261102520604396
0.77,-16.261102520604396
0.78,-16.261102520604396
0.79,-16.261102520604396
0.8,-16.261102520604396
0.81,-16.261102520604396
0.82,-16.261102520604396
0.83,-16.261102520604396
0.84,-16.261102520604396
0.85,-16.261102520604396
0.86,-16.261102520604396
0.87,-16.261102520604396
0.88,-16.261102520604396
0.89,-16.261102520604396
0.9,-16.261102520604396
0.91,-16.261102520604396
0.92,-16.261102520604396
0.93,-16.261102520604396
0.94,-16.261102520604396
0.95,-16.261102520604396
0.96,-16.261102520604396
0.97,-16.261102520604396
0.98,-16.261102520604396
0.99,-16.261102520604396
1.0,-16.261102520604396
1.01,-16.261102520604396
1.02,-16.261102520604396
1.03,-16.261102520604396
1.04,-16.261102520604396
1.05,-16.261102520604396
1.06,-16.261102520604396
1.07,-16.261102520604396
1.08,-16.261102520604396
1.09,-16.261102520604396
1.1,-16.261102520604396
1.11,-16.261102520604396
1.12,-16.261102520604396
1.13,-16.261102520604396
1.14,-16.261102520604396
1.15,-16.261102520604396
1.16,-16.261102520604396
1.17,-16.261102520604396
1.18,-16.261102520604396
1.19,-16.261102520604396
1.2,-16.261102520604396
1.21,-16.261102520604396
1.22,-16.261102520604396
1.23,-16.261102520604396
1.24,-16.261102520604396
1.25,-16.261102520604396
1.26,-16.261102520604396
1.27,-16.261102520604396
1.28,-16.261102520604396
1.29,-16.261102520604396
1.3,-16.261102520604396
1.31,-16.261102520604396
1.32,-16.261102520604396
1.33,-16.261102520604396
1.34,-16.261102520604396
1.35,-16.261102520604396
1.36,-16.261102520604396
1.37,-16.261102520604396
1.38,-16.261102520604396
1.39,-16.261102520604396
1.4,-16.261102520604396
1.41,-16.261102520604396
1.42,-16.261102520604396
1.43,-16.261102520604396
1.44,-16.261102520604396
1.45,-16.261102520604396
1.46,-16.261102520604396
1.47,-16.261102520604396
1.48,-16.261102520604396
1.49,-16.261102520604396
1.5,-16.261102520604396
1.51,-16.261102520604396
1.52,-16.261102520604396
1.53,-16.261102520604396
1.54,-16.261102520604396
1.55,-16.261102520604396
1.56,-16.261102520604396
1.57,-16.261102520604396
1.58,-16.261102520604396
1.59,-16.261102520604396
1.6,-16.261102520604396
1.61,-16.261102520604396
1.62,0.830146378421993
1.63,0.830146378421993
1.64,0.830146378421993
1.65,0.830146378421993
1.66,1.2370808852579307
1.67,0.830146378421993
1.68,0.830146378421993
1.69,0.830146378421993
1.7,0.830146378421993
1.71,0.830146378421993
1.72,0.830146378421993
1.73,0.830146378421993
1.74,0.830146378421993
1.75,1.2370808852579307
1.76,1.2370808852579307
1.77,0.830146378421993
1.78,1.2370808852579307
1.79,0.830146378421993
1.8,1.2370808852579307
1.81,0.830146378421993
1.82,1.2370808852579307
1.83,1.2370808852579307
1.84,1.2370808852579307
1.85,0.830146378421993
1.86,-0.3906571178306328
1.87,0.830146378421993
1.88,0.830146378421993
1.89,0.830146378421993
1.9,0.830146378421993
1.91,0.830146378421993
1.92,0.830146378421993
1.93,0.830146378421993
1.94,0.830146378421993
1.95,0.830146378421993
1.96,0.830146378421993
1.97,0.830146378421993
1.98,0.830146378421993
1.99,0.830146378421993
2.0,0.830146378421993
2.01,0.830146378421993
2.02,0.830146378421993
2.03,0.830146378421993
2.04,0.830146378421993
2.05,0.830146378421993
2.06,0.830146378421993
2.07,0.830146378421993
2.08,1.2370808852579307
2.09,0.830146378421993
2.1,0.830146378421993
2.11,0.830146378421993
2.12,0.830146378421993
2.13,1.2370808852579307
2.14,0.830146378421993
2.15,1.2370808852579307
2.16,1.2370808852579307
2.17,-14.226429986424709
2.18,0.830146378421993
2.19,0.830146378421993
2.2,1.2370808852579307
2.21,0.830146378421993
2.22,0.830146378421993
2.23,0.830146378421993
2.24,0.830146378421993
2.25,1.2370808852579307
2.26,0.830146378421993
2.27,0.830146378421993
2.28,1.2370808852579307
2.29,0.830146378421993
2.3,1.2370808852579307
2.31,1.2370808852579307
2.32,0.830146378421993
2.33,0.830146378421993
2.34,1.2370808852579307
2.35,0.830146378421993
2.36,0.830146378421993
2.37,0.830146378421993
2.38,0.830146378421993
2.39,0.830146378421993
2.4,0.830146378421993
2.41,0.830146378421993
2.42,1.2370808852579307
2.43,1.2370808852579307
2.44,0.830146378421993
2.45,0.830146378421993
2.46,0.830146378421993
2.47,1.2370808852579307
2.48,0.830146378421993
2.49,1.2370808852579307
2.5,0.830146378421993
2.51,1.644015392093868
2.52,1.2370808852579307
2.53,0.830146378421993
2.54,0.830146378421993
2.55,1.2370808852579307
2.56,0.830146378421993
2.57,1.2370808852579307
2.58,0.830146378421993
2.59,0.830146378421993
2.6,0.830146378421993
2.61,0.830146378421993
2.62,0.830146378421993
2.63,0.830146378421993
2.64,1.2370808852579307
2.65,1.2370808852579307
2.66,0.830146378421993
2.67,1.2370808852579307
2.68,1.2370808852579307
2.69,1.2370808852579307
2.7,0.830146378421993
2.71,0.830146378421993
2.72,0.830146378421993
2.73,0.830146378421993
2.74,1.2370808852579307
2.75,0.830146378421993
2.76,0.830146378421993
2.77,1.2370808852579307
2.78,0.830146378421993
2.79,0.830146378421993
2.8,1.2370808852579307
2.81,0.830146378421993
2.82,0.830146378421993
2.83,1.2370808852579307
2.84,0.830146378421993
2.85,0.830146378421993
2.86,1.2370808852579307
2.87,0.830146378421993
2.88,0.830146378421993
2.89,0.830146378421993
2.9,0.830146378421993
2.91,0.830146378421993
2.92,0.830146378421993
2.93,0.830146378421993
2.94,0.830146378421993
2.95,0.830146378421993
2.96,0.830146378421993
2.97,0.830146378421993
2.98,0.830146378421993
2.99,1.2370808852579307
3.0,0.830146378421993
3.01,0.830146378421993
3.02,0.830146378421993
3.03,0.830146378421993
3.04,0.830146378421993
3.05,0.830146378421993
3.06,0.830146378421993
3.07,1.2370808852579307
3.08,0.830146378421993
3.09,1.2370808852579307
3.1,0.830146378421993
3.11,0.830146378421993
3.12,0.830146378421993
3.13,1.644015392093868
3.14,0.830146378421993
3.15,1.2370808852579307
3.16,0.830146378421993
3.17,1.2370808852579307
3.18,0.830146378421993
3.19,0.830146378421993
3.2,0.830146378421993
3.21,0.830146378421993
3.22,0.830146378421993
3.23,0.830146378421993
3.24,0.830146378421993
3.25,0.830146378421993
3.26,1.2370808852579307
3.27,1.2370808852579307
3.28,1.2370808852579307
3.29,1.2370808852579307
3.3,1.2370808852579307
3.31,0.830146378421993
3.32,1.2370808852579307
3.33,0.830146378421993
3.34,0.830146378421993
3.35,0.830146378421993
3.36,0.830146378421993
3.37,0.830146378421993
3.38,0.830146378421993
3.39,0.830146378421993
3.4,1.2370808852579307
3.41,0.830146378421993
3.42,0.830146378421993
3.43,0.830146378421993
3.44,0.830146378421993
3.45,0.830146378421993
3.46,0.830146378421993
3.47,0.830146378421993
3.48,0.830146378421993
3.49,0.830146378421993
3.5,0.830146378421993
3.51,0.830146378421993
3.52,0.830146378421993
3.53,1.2370808852579307
3.54,0.830146378421993
3.55,0.830146378421993
3.56,0.830146378421993
3.57,0.830146378421993
3.58,1.2370808852579307
3.59,0.830146378421993
3.6,0.830146378421993
3.61,0.830146378421993
3.62,0.830146378421993
3.63,0.830146378421993
3.64,0.830146378421993
3.65,0.830146378421993
3.66,0.830146378421993
3.67,1.2370808852579307
3.68,1.2370808852579307
3.69,0.830146378421993
3.7,1.2370808852579307
3.71,1.644015392093868
3.72,0.830146378421993
3.73,0.830146378421993
3.74,0.830146378421993
3.75,0.830146378421993
3.76,0.830146378421993
3.77,1.2370808852579307
3.78,0.830146378421993
3.79,0.830146378421993
3.8,0.830146378421993
3.81,0.830146378421993
3.82,0.830146378421993
3.83,0.830146378421993
3.84,0.830146378421993
3.85,0.830146378421993
3.86,1.2370808852579307
3.87,0.830146378421993
3.88,0.830146378421993
3.89,0.830146378421993
3.9,1.2370808852579307
3.91,0.830146378421993
3.92,0.830146378421993
3.93,0.830146378421993
3.94,0.830146378421993
3.95,0.830146378421993
3.96,0.830146378421993
3.97,1.2370808852579307
3.98,1.2370808852579307
3.99,0.830146378421993
4.0,0.830146378421993
4.01,19.956068587794046
4.02,0.830146378421993
4.03,0.830146378421993
4.04,1.2370808852579307
4.05,1.2370808852579307
4.06,0.830146378421993
4.07,0.830146378421993
4.08,1.2370808852579307
4.09,1.2370808852579307
4.1,1.2370808852579307
4.11,1.2370808852579307
4.12,1.2370808852579307
4.13,1.2370808852579307
4.14,1.2370808852579307
4.15,1.2370808852579307
4.16,1.2370808852579307
4.17,0.830146378421993
4.18,1.2370808852579307
4.19,0.830146378421993
4.2,1.2370808852579307
4.21,0.830146378421993
4.22,1.2370808852579307
4.23,1.2370808852579307
4.24,1.2370808852579307
4.25,1.2370808852579307
4.26,1.2370808852579307
4.27,1.644015392093868
4.28,1.644015392093868
4.29,1.2370808852579307
4.3,1.644015392093868
4.31,1.644015392093868
4.32,2.0509498989298054
4.33,1.644015392093868
4.34,2.0509498989298054
4.35,1.644015392093868
4.36,11.00350943740342
4.37,11.00350943740342
4.38,11.00350943740342
4.39,-1.2045261557576945
4.4,3.2717534194376183
4.41,3.6786879262735557
4.42,4.085622433109493
4.43,4.49255693994543
4.44,4.49255693994543
4.45,4.49255693994543
4.46,4.899491446781369
4.47,5.306425953617306
4.48,5.713360460453244
4.49,5.713360460453244
4.5,6.1202949672891815
4.51,6.527229862208107
4.52,6.934164369044044
4.53,7.3410988758799816
4.54,6.934164369044044
4.55,7.3410988758799816
4.56,7.74803338271592
4.57,8.154967889551855
4.58,7.74803338271592
4.59,8.968836903223732
4.6,9.37577141005967
4.61,8.968836903223732
4.62,8.968836903223732
4.63,9.37577141005967
4.64,8.968836903223732
4.65,9.37577141005967
4.66,9.37577141005967
4.67,9.782705916895607
4.68,9.782705916895607
4.69,9.782705916895607
4.7,9.37577141005967
4.71,9.37577141005967
4.72,9.37577141005967
4.73,9.37577141005967
4.74,9.37577141005967
4.75,9.37577141005967
4.76,8.968836903223732
4.77,8.968836903223732
4.78,8.968836903223732
4.79,8.968836903223732
4.8,8.154967889551855
4.81,8.561902396387794
4.82,8.561902396387794
4.83,8.154967889551855
4.84,8.154967889551855
4.85,8.154967889551855
4.86,8.154967889551855
4.87,8.154967889551855
4.88,7.74803338271592
4.89,7.74803338271592
4.9,7.74803338271592
4.91,7.74803338271592
4.92,7.74803338271592
4.93,7.3410988758799816
4.94,7.3410988758799816
4.95,7.74803338271592
4.96,7.74803338271592
4.97,7.74803338271592
4.98,7.3410988758799816
4.99,7.3410988758799816
5.0,7.3410988758799816
5.01,7.3410988758799816
5.02,7.74803338271592
5.03,7.3410988758799816
5.04,7.3410988758799816
5.05,7.3410988758799816
5.06,7.3410988758799816
5.07,7.3410988758799816
5.08,7.3410988758799816
5.09,6.934164369044044
5.1,7.3410988758799816
5.11,6.934164369044044
5.12,7.3410988758799816
5.13,6.934164369044044
5.14,7.3410988758799816
5.15,7.3410988758799816
5.16,6.934164369044044
5.17,6.934164369044044
5.18,8.561902396387794
5.19,7.3410988758799816
5.2,6.934164369044044
5.21,7.3410988758799816
5.22,7.3410988758799816
5.23,7.74803338271592
5.24,8.154967889551855
5.25,8.561902396387794
5.26,8.968836903223732
5.27,9.37577141005967
5.28,9.782705916895607
5.29,10.596574930567483
5.3,11.410443944239358
5.31,11.817378451075294
5.32,12.224312957911232
5.33,13.038181971583107
5.34,13.852050985254982
5.35,14.25898549209092
5.36,15.479789012598731
5.37,15.88672351943467
5.38,16.29365802627061
5.39,17.51446154677842
5.4,17.92139605361436
5.41,18.73526506728623
5.42,18.328330560450297
5.43,18.73526506728623
5.44,18.328330560450297
5.45,19.14219957412217
5.46,19.14219957412217
5.47,18.73526506728623
5.48,19.14219957412217
5.49,19.956068587794046
5.5,19.14219957412217
5.51,19.54913408095811
5.52,19.14219957412217
5.53,19.54913408095811
5.54,19.54913408095811
5.55,19.54913408095811
5.56,19.14219957412217
5.57,18.73526506728623
5.58,18.328330560450297
5.59,17.92139605361436
5.6,17.92139605361436
5.61,17.51446154677842
5.62,17.51446154677842
5.63,17.107527039942482
5.64,17.107527039942482
5.65,17.107527039942482
5.66,16.700592533106544
5.67,16.700592533106544
5.68,16.700592533106544
5.69,16.29365802627061
5.7,16.29365802627061
5.71,15.88672351943467
5.72,16.29365802627061
5.73,15.88672351943467
5.74,15.479789012598731
5.75,15.479789012598731
5.76,16.29365802627061
5.77,15.479789012598731
5.78,15.072854505762793
5.79,15.479789012598731
5.8,15.479789012598731
5.81,15.072854505762793
5.82,15.072854505762793
5.83,15.072854505762793
5.84,14.665919998926858
5.85,14.665919998926858
5.86,15.072854505762793
5.87,14.665919998926858
5.88,14.665919998926858
5.89,14.665919998926858
5.9,14.665919998926858
5.91,14.665919998926858
5.92,14.665919998926858
5.93,14.25898549209092
5.94,14.25898549209092
5.95,14.25898549209092
5.96,14.25898549209092
5.97,13.852050985254982
5.98,14.25898549209092
5.99,14.25898549209092
6.0,13.852050985254982
6.01,14.25898549209092
6.02,13.852050985254982
6.03,12.224312957911232
6.04,13.852050985254982
6.05,13.852050985254982
6.06,14.25898549209092
6.07,14.665919998926858
6.08,15.072854505762793
6.09,15.479789012598731
6.1,16.29365802627061
6.11,17.107527039942482
6.12,17.92139605361436
6.13,19.14219957412217
6.14,20.363003094629985
6.15,21.990741121973734
6.16,23.211544642481545
6.17,24.839282669825295
6.18,25.65315168349717
6.19,26.873955204004982
6.2,28.50169323134873
6.21,29.315562245020608
6.22,31.350234779200296
6.23,31.757169286036234
6.24,32.16410379287217
6.25,32.57103829970811
6.26,32.977972806544045
6.27,32.57103829970811
6.28,33.79184182021592
6.29,32.57103829970811
6.3,33.79184182021592
6.31,32.977972806544045
6.32,33.79184182021592
6.33,33.38490731337998
6.34,34.60571083388779
6.35,33.38490731337998
6.36,33.79184182021592
6.37,33.38490731337998
6.38,33.38490731337998
6.39,33.38490731337998
6.4,32.977972806544045
6.41,32.977972806544045
6.42,32.57103829970811
6.43,31.757169286036234
6.44,31.350234779200296
6.45,30.943300272364358
6.46,30.943300272364358
6.47,30.536365765528423
6.48,30.536365765528423
6.49,30.129431258692485
6.5,30.129431258692485
6.51,29.722496751856546
6.52,29.722496751856546
6.53,29.315562245020608
6.54,29.315562245020608
6.55,28.90862773818467
6.56,28.90862773818467
6.57,29.315562245020608
6.58,28.50169323134873
6.59,28.094758724512793
6.6,28.094758724512793
6.61,28.094758724512793
6.62,27.68782421767686
6.63,27.68782421767686
6.64,27.68782421767686
6.65,27.28088971084092
6.66,27.28088971084092
6.67,27.28088971084092
6.68,26.873955204004982
6.69,26.873955204004982
6.7,26.873955204004982
6.71,26.873955204004982
6.72,26.467020697169044
6.73,26.467020697169044
6.74,26.467020697169044
6.75,26.060086190333106
6.76,26.060086190333106
6.77,26.060086190333106
6.78,26.060086190333106
6.79,26.060086190333106
6.8,26.060086190333106
6.81,25.65315168349717
6.82,25.65315168349717
6.83,25.65315168349717
6.84,24.839282669825295
6.85,25.246217176661233
6.86,25.65315168349717
6.87,26.060086190333106
6.88,26.873955204004982
6.89,27.68782421767686
6.9,28.90862773818467
6.91,30.536365765528423
6.92,32.16410379287217
6.93,33.79184182021592
6.94,35.41957984755967
6.95,36.64038336806748
6.96,38.268121395411235
6.97,39.89585942275499
6.98,41.93053195693467
6.99,42.74440097060655
7.0,43.96520449111436
7.01,45.59294251845811
7.02,46.813746038965924
7.03,46.406811532129986
7.04,47.22068054580186
7.05,47.6276150526378
7.06,47.6276150526378
7.07,48.03454955947374
7.08,48.03454955947374
7.09,48.03454955947374
7.1,48.03454955947374
7.11,48.44148406630968
7.12,48.44148406630968
7.13,48.03454955947374
7.14,47.6276150526378
7.15,47.6276150526378
7.16,47.22068054580186
7.17,46.813746038965924
7.18,46.406811532129986
7.19,45.99987702529405
7.2,45.59294251845811
7.21,45.18600801162218
7.22,44.77907350478624
7.23,44.3721389979503
7.24,44.3721389979503
7.25,43.96520449111436
7.26,43.558269984278425
7.27,43.15133547744249
7.28,43.15133547744249
7.29,43.15133547744249
7.3,42.74440097060655
7.31,42.33746646377061
7.32,42.33746646377061
7.33,41.93053195693467
7.34,42.33746646377061
7.35,41.93053195693467
7.36,41.52359745009874
7.37,41.52359745009874
7.38,41.1166629432628
7.39,41.1166629432628
7.4,40.709728436426865
7.41,40.709728436426865
7.42,40.709728436426865
7.43,40.302793929590926
7.44,40.302793929590926
7.45,39.89585942275499
7.46,39.89585942275499
7.47,39.89585942275499
7.48,39.89585942275499
7.49,39.48892491591905
7.5,39.48892491591905
7.51,39.08199040908311
7.52,39.08199040908311
7.53,38.67505590224717
7.54,39.08199040908311
7.55,38.67505590224717
7.56,39.08199040908311
7.57,39.08199040908311
7.58,38.268121395411235
7.59,38.268121395411235
7.6,38.268121395411235
7.61,38.67505590224717
7.62,38.268121395411235
7.63,37.8611868885753
7.64,38.268121395411235
7.65,38.67505590224717
7.66,39.89585942275499
7.67,41.1166629432628
7.68,42.33746646377061
7.69,43.96520449111436
7.7,45.99987702529405
7.71,47.6276150526378
7.72,49.255353079981546
7.73,51.29002561416124
7.74,52.51082603000515
7.75,54.95243307102077
7.76,55.35936757785671
7.77,57.80097461887234
7.78,58.614843632544215
7.79,60.24258165988795
7.8,61.463385180395775
7.81,64.31192672824734
7.82,64.71886123508327
7.83,64.31192672824734
7.84,66.34659926242702
7.85,65.9396647555911
7.86,66.34659926242702
7.87,66.75353376926297
7.88,63.90499222141139
7.89,67.56740278293483
7.9,67.1604682760989
7.91,66.75353376926297
7.92,66.34659926242702
7.93,65.9396647555911
7.94,65.53273024875514
7.95,65.12579574191922
7.96,64.71886123508327
7.97,63.90499222141139
7.98,63.49805771457546
7.99,63.49805771457546
8.0,62.68418870090358
8.01,62.27725419406765
8.02,61.87031968723171
8.03,61.87031968723171
8.04,61.05645067355983
8.05,61.05645067355983
8.06,60.24258165988795
8.07,60.24258165988795
8.08,59.83564715305202
8.09,59.42871264621608
8.1,59.021778139380146
8.11,59.021778139380146
8.12,58.614843632544215
8.13,58.20790912570827
8.14,58.20790912570827
8.15,58.614843632544215
8.16,57.80097461887234
8.17,57.39404011203639
8.18,57.39404011203639
8.19,56.98710560520046
8.2,56.98710560520046
8.21,56.58017109836452
8.22,56.173236591528585
8.23,55.76630208469264
8.24,55.76630208469264
8.25,55.76630208469264
8.26,55.35936757785671
8.27,55.35936757785671
8.28,54.95243307102077
8.29,54.95243307102077
8.3,54.95243307102077
8.31,54.54549856418483
8.32,54.138564057348894
8.33,54.138564057348894
8.34,54.138564057348894
8.35,54.138564057348894
8.36,53.73162955051296
8.37,53.73162955051296
8.38,54.138564057348894
8.39,53.73162955051296
8.4,53.324695043677025
8.41,53.324695043677025
8.42,53.324695043677025
8.43,52.91776053684109
8.44,52.91776053684109
8.45,52.51082603000515
8.46,54.138564057348894
8.47,55.35936757785671
8.48,57.39404011203639
8.49,59.83564715305202
8.5,62.27725419406765
8.51,63.90499222141139
8.52,67.1604682760989
8.53,69.60207531711453
8.54,72.04368235813014
8.55,73.6714203854739
8.56,75.70609291965359
8.57,78.55463446750514
8.58,79.36850348117702
8.59,81.40317601535672
8.6,82.62397953586452
8.61,84.65865207004421
8.62,85.06558657688015
8.63,86.28639009738797
8.64,87.50719361789578
8.65,88.32106263156766
8.66,88.32106263156766
8.67,88.7279971384036
8.68,89.13493164523953
8.69,89.54186615207546
8.7,89.13493164523953
8.71,88.32106263156766
8.72,88.32106263156766
8.73,87.91412812473172
8.74,87.50719361789578
8.75,86.6933246042239
8.76,85.87945559055203
8.77,85.47252108371609
8.78,84.65865207004421
8.79,84.25171756320827
8.8,83.4378485495364
8.81,83.03091404270046
8.82,82.62397953586452
8.83,82.21704502902858
8.84,81.81011052219264
8.85,81.40317601535672
8.86,80.99624150852077
8.87,80.58930700168484
8.88,80.58930700168484
8.89,79.77543798801297
8.9,79.36850348117702
8.91,79.36850348117702
8.92,79.36850348117702
8.93,78.55463446750514
8.94,78.55463446750514
8.95,78.14769996066921
8.96,77.74076545383328
8.97,77.33383094699734
8.98,76.9268964401614
8.99,76.9268964401614
9.0,76.9268964401614
9.01,76.11302742648952
9.02,76.11302742648952
9.03,75.70609291965359
9.04,75.29915841281765
9.05,75.29915841281765
9.06,75.29915841281765
9.07,64.31192672824734
9.08,74.07835489230985
9.09,73.6714203854739
9.1,73.26448587863797
9.11,73.26448587863797
9.12,73.26448587863797
9.13,72.4506168649661
9.14,72.4506168649661
9.15,72.4506168649661
9.16,72.4506168649661
9.17,72.04368235813014
9.18,72.04368235813014
9.19,71.63674785129422
9.2,71.22981334445826
9.21,71.22981334445826
9.22,70.82287883762234
9.23,70.82287883762234
9.24,70.82287883762234
9.25,70.82287883762234
9.26,70.4159443307864
9.27,70.00900982395046
9.28,71.22981334445826
9.29,72.4506168649661
9.3,74.07835489230985
9.31,75.29915841281765
9.32,78.14769996066921
9.33,80.58930700168484
9.34,82.62397953586452
9.35,85.47252108371609
9.36,88.32106263156766
9.37,91.16960417941921
9.38,92.79734220676296
9.39,95.23894924777859
9.4,96.86668727512233
9.41,98.90135980930204
9.42,101.34296685031765
9.43,102.56377037082547
9.44,104.19151460749701
9.45,105.81925263484077
9.46,106.63312164851264
9.47,107.85392516902046
9.48,107.85392516902046
9.49,108.66779418269233
9.5,109.07472868952827
9.51,109.48166319636421
9.52,109.88859770320013
9.53,109.88859770320013
9.54,109.88859770320013
9.55,109.88859770320013
9.56,109.88859770320013
9.57,109.07472868952827
9.58,108.66779418269233
9.59,108.2608596758564
9.6,107.04005615534858
9.61,106.63312164851264
9.62,105.41231812800484
9.63,105.00538362116889
9.64,104.59844911433296
9.65,104.19151460749701
9.66,103.78457389133328
9.67,102.9707048776614
9.68,102.56377037082547
9.69,102.9707048776614
9.7,101.74990135715359
9.71,101.34296685031765
9.72,101.34296685031765
9.73,100.93603234348171
9.74,100.12216332980984
9.75,99.71522882297391
9.76,99.30829431613796
9.77,99.30829431613796
9.78,98.90135980930204
9.79,98.08749079563016
9.8,98.08749079563016
9.81,97.68055628879421
9.82,97.27362178195828
9.83,96.86668727512233
9.84,96.86668727512233
9.85,96.4597527682864
9.86,96.05281826145047
9.87,95.64588375461453
9.88,95.64588375461453
9.89,95.23894924777859
9.9,94.83201474094265
9.91,94.83201474094265
9.92,94.42508023410672
9.93,94.01814572727078
9.94,94.01814572727078
9.95,93.61121122043484
9.96,93.61121122043484
9.97,92.79734220676296
9.98,92.79734220676296
9.99,92.39040769992704
10.0,92.39040769992704
10.01,91.98347319309109
10.02,91.57653868625516
10.03,91.57653868625516
10.04,91.16960417941921
10.05,91.16960417941921
10.06,91.16960417941921
10.07,91.16960417941921
10.08,91.16960417941921
10.09,90.76266967258329
10.1,90.35573516574733
10.11,90.35573516574733
10.12,90.76266967258329
10.13,90.35573516574733
10.14,90.35573516574733
10.15,90.35573516574733
10.16,92.39040769992704
10.17,94.01814572727078
10.18,96.4597527682864
10.19,98.49442530246608
10.2,101.74990135715359
10.21,105.00538362116889
10.22,107.85392516902046
10.23,111.10940122370796
10.24,113.55100826472359
10.25,116.8064843194111
10.26,119.65502586726265
10.27,121.68969840144233
10.28,124.94517445612983
10.29,126.57291248347359
10.3,128.20065051081733
10.31,130.64225755183296
10.32,132.67693008601265
10.33,134.3046681133564
10.34,135.5254716338642
10.35,135.93240614070012
10.36,137.15320966120797
10.37,137.15320966120797
10.38,137.96707867487984
10.39,138.37401318171578
10.4,138.37401318171578
10.41,138.37401318171578
10.42,138.37401318171578
10.43,137.96707867487984
10.44,137.56014416804388
10.45,136.74627515437203
10.46,136.3393406475361
10.47,135.5254716338642
10.48,135.11853712702828
10.49,133.89773360652046
10.5,133.89773360652046
10.51,132.2699955791767
10.52,132.2699955791767
10.53,131.45612656550483
10.54,131.0491920586689
10.55,130.23532304499702
10.56,129.82838853816108
10.57,129.0145195244892
10.58,128.60758501765326
10.59,128.20065051081733
10.6,127.38678149714545
10.61,126.97984699030953
10.62,126.16597797663763
10.63,126.16597797663763
10.64,125.35210896296577
10.65,124.94517445612983
10.66,124.53823994929388
10.67,124.13130544245797
10.68,123.31743642878608
10.69,122.91050192195014
10.7,122.50356741511422
10.71,122.50356741511422
10.72,121.68969840144233
10.73,121.68969840144233
10.74,121.28276389460639
10.75,120.46889488093451
10.76,120.46889488093451
10.77,109.48166319636421
10.78,119.65502586726265
10.79,119.24809136042671
10.8,119.24809136042671
10.81,118.84115685359076
10.82,118.43422234675482
10.83,118.0272878399189
10.84,117.62035333308296
10.85,117.21341882624701
10.86,117.21341882624701
10.87,116.8064843194111
10.88,116.39954981257515
10.89,116.39954981257515
10.9,115.9926153057392
10.91,115.58568079890325
10.92,115.17874629206734
10.93,114.77181178523139
10.94,114.77181178523139
10.95,114.36487727839545
10.96,114.36487727839545
10.97,113.9579427715595
10.98,113.55100826472359
10.99,113.14407375788764
11.0,113.14407375788764
11.01,112.33020474421578
11.02,112.33020474421578
11.03,112.33020474421578
11.04,111.92327023737984
11.05,114.77181178523139
11.06,115.9926153057392
11.07,118.84115685359076
11.08,120.46889488093451
11.09,124.13130544245797
11.1,126.97984699030953
11.11,129.82838853816108
11.12,133.08386459284858
11.13,135.5254716338642
11.14,138.78094768855172
11.15,140.40868571589544
11.16,144.0710962774189
11.17,145.2918997979267
11.18,148.5473758526142
11.19,150.17511387995796
11.2,152.6167209209736
11.21,153.83752444148138
11.22,155.46526246882513
11.23,156.27913148249704
11.24,157.9068695098408
11.25,158.72073852351264
11.26,159.5346075371845
11.27,160.3484765508564
11.28,160.75541105769236
11.29,160.75541105769236
11.3,161.16234556452827
11.31,161.16234556452827
11.32,160.3484765508564
11.33,160.3484765508564
11.34,159.94154204402045
11.35,159.1276730303486
11.36,158.3138040166767
11.37,157.49993500300485
11.38,156.68606598933295
11.39,156.27913148249704
11.4,155.8721969756611
11.41,155.0583279619892
11.42,154.65139345515328
11.43,153.83752444148138
11.44,153.43058993464547
11.45,152.6167209209736
11.46,152.6167209209736
11.47,151.80285190730172
11.48,151.39591740046578
11.49,150.5820483867939
11.5,150.5820483867939
11.51,149.76817937312202
11.52,149.36124486628609
11.53,148.95431035945015
11.54,149.36124486628609
11.55,148.14044134577827
11.56,147.73350683894233
11.57,147.3265723321064
11.58,146.91963782527046
11.59,146.1057688115986
11.6,145.69883430476264
11.61,145.2918997979267
11.62,145.2918997979267
11.63,144.47803078425486
11.64,144.0710962774189
11.65,144.0710962774189
11.66,143.66416177058295
11.67,143.257227263747
11.68,142.8502927569111
11.69,142.8502927569111
11.7,142.44335825007514
11.71,142.0364237432392
11.72,141.6294892364033
11.73,141.6294892364033
11.74,141.22255472956735
11.75,140.81562022273138
11.76,140.81562022273138
11.77,140.40868571589544
11.78,140.00175120905953
11.79,139.5948167022236
11.8,139.5948167022236
11.81,140.00175120905953
11.82,138.78094768855172
11.83,138.37401318171578
11.84,137.96707867487984
11.85,137.96707867487984
11.86,137.56014416804388
11.87,137.15320966120797
11.88,136.74627515437203
11.89,136.74627515437203
11.9,137.15320966120797
11.91,139.5948167022236
11.92,141.22255472956735
11.93,144.0710962774189
11.94,146.91963782527046
11.95,149.76817937312202
11.96,153.43058993464547
11.97,156.27913148249704
11.98,159.5346075371845
11.99,162.38314908503608
12.0,165.6386251397236
12.01,168.08023218073922
12.02,170.52183922175485
12.03,172.96344626277045
12.04,175.4050533037861
12.05,176.62585682429392
12.06,177.8466603448017
12.07,179.88133287898142
12.08,180.28826738581733
12.09,181.9160054131611
12.1,182.32293991999703
12.11,183.54374344050484
12.12,183.54374344050484
12.13,183.95067794734078
12.14,183.54374344050484
12.15,183.54374344050484
12.16,183.1368089336689
12.17,182.72987442683296
12.18,182.32293991999703
12.19,181.50907090632515
12.2,180.69520189265327
12.21,179.88133287898142
12.22,179.47439837214546
12.23,178.66052935847358
12.24,178.25359485163767
12.25,177.43972583796577
12.26,176.62585682429392
12.27,176.21892231745795
12.28,175.4050533037861
12.29,174.99811879695017
12.3,174.5911842901142
12.31,174.5911842901142
12.32,173.3703807696064
12.33,172.96344626277045
12.34,172.55651175593454
12.35,171.74264274226266
12.36,171.3357082354267
12.37,170.92877372859078
12.38,170.52183922175485
12.39,170.1149047149189
12.4,169.70797020808294
12.41,169.30103570124703
12.42,168.48716668757515
12.43,168.48716668757515
12.44,168.08023218073922
12.45,167.67329767390328
12.46,166.8594286602314
12.47,166.45249415339546
12.48,166.04555964655952
12.49,165.6386251397236
12.5,164.8247561260517
12.51,164.8247561260517
12.52,164.8247561260517
12.53,164.8247561260517
12.54,164.8247561260517
12.55,161.97621457820014
12.56,161.5692800713642
12.57,161.5692800713642
12.58,160.75541105769236
12.59,160.75541105769236
12.6,160.3484765508564
12.61,159.94154204402045
12.62,159.5346075371845
12.63,159.1276730303486
12.64,158.72073852351264
12.65,158.3138040166767
12.66,157.9068695098408
12.67,157.49993500300485
12.68,157.49993500300485
12.69,156.68606598933295
12.7,156.27913148249704
12.71,155.8721969756611
12.72,157.9068695098408
12.73,159.1276730303486
12.74,160.75541105769236
12.75,163.6039526055439
12.76,165.23169063288765
12.77,168.08023218073922
12.78,170.92877372859078
12.79,174.18424978327826
12.8,176.21892231745795
12.81,179.88133287898142
12.82,182.32293991999703
12.83,184.76454696101266
12.84,187.20615400202828
12.85,189.64776104304391
12.86,191.68243357722358
12.87,193.71710611140327
12.88,195.75177864558296
12.89,196.56564765925484
12.9,197.78645117976265
12.91,198.60032019343453
12.92,199.4141892071064
12.93,199.82112371394234
12.94,200.63499272761422
12.95,200.63499272761422
12.96,200.22805822077828
12.97,199.82112371394234
12.98,199.82112371394234
12.99,199.00725470027047
13.0,198.1933856865986
13.01,197.78645117976265
13.02,196.97258216609077
13.03,196.1587131524189
13.04,195.34484413874702
13.05,194.93790963191108
13.06,194.93790963191108
13.07,193.71710611140327
13.08,193.31017160456733
13.09,192.49630259089545
13.1,192.08936808405952
13.11,191.68243357722358
13.12,190.8685645635517
13.13,190.46163005671576
13.14,189.64776104304391
13.15,189.64776104304391
13.16,188.833892029372
13.17,188.4269575225361
13.18,187.6130885088642
13.19,187.20615400202828
13.2,186.79921949519235
13.21,186.3922849883564
13.22,185.98535048152044
13.23,185.1714814678486
13.24,184.76454696101266
13.25,184.3576124541767
13.26,183.95067794734078
13.27,183.54374344050484
13.28,182.72987442683296
13.29,182.72987442683296
13.3,182.32293991999703
13.31,181.9160054131611
13.32,181.1021363994892
13.33,181.50907090632515
13.34,180.69520189265327
13.35,180.28826738581733
13.36,179.88133287898142
13.37,179.47439837214546
13.38,179.06746386530952
13.39,178.66052935847358
13.4,178.25359485163767
13.41,177.8466603448017
13.42,177.43972583796577
13.43,177.03279133112983
13.44,176.62585682429392
13.45,176.21892231745795
13.46,175.811987810622
13.47,175.4050533037861
13.48,174.99811879695017
13.49,174.5911842901142
13.5,174.18424978327826
13.51,173.77731527644235
13.52,173.3703807696064
13.53,172.96344626277045
13.54,172.55651175593454
13.55,174.5911842901142
13.56,176.21892231745795
13.57,178.66052935847358
13.58,181.1021363994892
13.59,184.3576124541767
13.6,172.1495772490986
13.61,189.64776104304391
13.62,192.49630259089545
13.63,195.34484413874702
13.64,198.60032019343453
13.65,201.04192723445016
13.66,203.48353427546576
13.67,205.51820680964548
13.68,206.73901033015326
13.69,208.36673593884143
13.7,209.99447396618518
13.71,211.21527748669297
13.72,212.02914650036487
13.73,212.84301551403672
13.74,213.65688452770863
13.75,214.06381903454454
13.76,214.47075354138047
13.77,214.47075354138047
13.78,214.06381903454454
13.79,214.06381903454454
13.8,213.65688452770863
13.81,213.2499500208727
13.82,212.4360810072008
13.83,212.02914650036487
13.84,210.80834297985706
13.85,210.40140847302112
13.86,209.99447396618518
13.87,208.77367044567737
13.88,208.36673593884143
13.89,207.55287934382517
13.9,207.55287934382517
13.91,206.73901033015326
13.92,205.92514131648142
13.93,205.51820680964548
13.94,205.1112723028095
13.95,204.29740328913766
13.96,204.29740328913766
13.97,203.48353427546576
13.98,203.07659976862985
13.99,202.26273075495797
14.0,201.85579624812203
14.01,201.04192723445016
14.02,200.63499272761422
14.03,200.22805822077828
14.04,199.82112371394234
14.05,199.4141892071064
14.06,199.00725470027047
14.07,198.60032019343453
14.08,197.78645117976265
14.09,197.3795166729267
14.1,198.1933856865986
14.11,196.56564765925484
14.12,196.1587131524189
14.13,195.75177864558296
14.14,195.34484413874702
14.15,194.93790963191108
14.16,194.1240406182392
14.17,193.71710611140327
14.18,193.31017160456733
14.19,192.90323709773142
14.2,192.49630259089545
14.21,192.08936808405952
14.22,191.68243357722358
14.23,191.68243357722358
14.24,190.8685645635517
14.25,190.05469554987985
14.26,189.64776104304391
14.27,189.24082653620795
14.28,188.833892029372
14.29,188.833892029372
14.3,188.4269575225361
14.31,188.02002301570016
14.32,187.20615400202828
14.33,187.20615400202828
14.34,186.3922849883564
14.35,186.3922849883564
14.36,185.57841597468453
14.37,185.57841597468453
14.38,185.1714814678486
14.39,184.3576124541767
14.4,183.95067794734078
14.41,183.54374344050484
14.42,183.95067794734078
14.43,182.72987442683296
14.44,182.72987442683296
14.45,182.72987442683296
14.46,182.72987442683296
14.47,180.28826738581733
14.48,179.47439837214546
14.49,179.47439837214546
14.5,179.06746386530952
14.51,178.66052935847358
14.52,178.25359485163767
14.53,177.8466603448017
14.54,177.43972583796577
14.55,177.03279133112983
14.56,177.43972583796577
14.57,176.62585682429392
14.58,175.811987810622
14.59,175.4050533037861
14.6,175.4050533037861
14.61,174.5911842901142
14.62,174.5911842901142
14.63,174.18424978327826
14.64,173.77731527644235
14.65,173.3703807696064
14.66,172.96344626277045
14.67,172.96344626277045
14.68,172.55651175593454
14.69,172.1495772490986
14.7,171.74264274226266
14.71,171.74264274226266
14.72,171.3357082354267
14.73,170.92877372859078
14.74,170.52183922175485
14.75,170.1149047149189
14.76,169.70797020808294
14.77,169.30103570124703
14.78,168.8941011944111
14.79,168.8941011944111
14.8,168.48716668757515
14.81,168.48716668757515
14.82,167.67329767390328
14.83,168.48716668757515
14.84,166.8594286602314
14.85,166.8594286602314
14.86,166.45249415339546
14.87,166.04555964655952
14.88,165.6386251397236
14.89,165.6386251397236
14.9,165.23169063288765
14.91,164.8247561260517
14.92,164.41782161921577
14.93,164.01088711237983
14.94,164.01088711237983
14.95,163.6039526055439
14.96,163.19701809870796
14.97,162.79008359187202
14.98,162.79008359187202
14.99,162.38314908503608
15.0,162.38314908503608
15.01,161.97621457820014
15.02,161.97621457820014
15.03,161.5692800713642
15.04,161.16234556452827
15.05,161.16234556452827
15.06,160.75541105769236
15.07,160.3484765508564
15.08,160.3484765508564
15.09,159.94154204402045
15.1,160.75541105769236
15.11,159.1276730303486
15.12,159.1276730303486
15.13,158.72073852351264
15.14,158.3138040166767
15.15,158.3138040166767
15.16,157.9068695098408
15.17,157.49993500300485
15.18,157.09300049616888
15.19,156.68606598933295
15.2,156.68606598933295
15.21,156.27913148249704
15.22,155.8721969756611
15.23,155.46526246882513
15.24,155.46526246882513
15.25,155.0583279619892
15.26,154.65139345515328
15.27,154.24445894831734
15.28,153.83752444148138
15.29,153.83752444148138
15.3,153.43058993464547
15.31,153.02365542780953
15.32,153.02365542780953
15.33,153.02365542780953
15.34,152.20978641413762
15.35,152.20978641413762
15.36,151.80285190730172
15.37,152.20978641413762
15.38,150.98898289362984
15.39,150.98898289362984
15.4,150.5820483867939
15.41,150.17511387995796
15.42,150.17511387995796
15.43,149.76817937312202
15.44,149.36124486628609
15.45,149.36124486628609
15.46,148.95431035945015
15.47,148.5473758526142
15.48,148.5473758526142
15.49,148.14044134577827
15.5,148.14044134577827
15.51,147.73350683894233
15.52,147.3265723321064
15.53,146.91963782527046
15.54,146.51270331843452
15.55,146.51270331843452
15.56,146.51270331843452
15.57,146.1057688115986
15.58,145.69883430476264
15.59,145.2918997979267
15.6,145.2918997979267
15.61,144.88496529109077
15.62,144.88496529109077
15.63,144.47803078425486
15.64,144.47803078425486
15.65,144.47803078425486
15.66,143.66416177058295
15.67,143.66416177058295
15.68,143.257227263747
15.69,143.257227263747
15.7,142.8502927569111
15.71,142.44335825007514
15.72,142.0364237432392
15.73,142.0364237432392
15.74,141.6294892364033
15.75,141.6294892364033
15.76,141.22255472956735
15.77,140.81562022273138
15.78,140.81562022273138
15.79,140.40868571589544
15.8,140.00175120905953
15.81,140.00175120905953
15.82,139.5948167022236
15.83,139.5948167022236
15.84,138.78094768855172
15.85,138.78094768855172
15.86,138.78094768855172
15.87,138.78094768855172
15.88,137.96707867487984
15.89,138.37401318171578
15.9,137.56014416804388
15.91,137.56014416804388
15.92,137.15320966120797
15.93,136.74627515437203
15.94,136.74627515437203
15.95,136.3393406475361
15.96,136.3393406475361
15.97,135.93240614070012
15.98,135.93240614070012
15.99,135.5254716338642
16.0,135.11853712702828
16.01,134.71160262019234
16.02,134.71160262019234
16.03,134.71160262019234
16.04,134.71160262019234
16.05,134.3046681133564
16.06,133.89773360652046
16.07,133.49079909968452
16.08,133.49079909968452
16.09,133.08386459284858
16.1,133.49079909968452
16.11,132.67693008601265
16.12,132.67693008601265
16.13,132.2699955791767
16.14,133.08386459284858
16.15,131.86306107234077
16.16,131.45612656550483
16.17,131.45612656550483
16.18,131.0491920586689
16.19,130.64225755183296
16.2,130.64225755183296
16.21,130.23532304499702
16.22,130.23532304499702
16.23,129.82838853816108
16.24,129.42145403132514
16.25,129.82838853816108
16.26,129.42145403132514
16.27,129.0145195244892
16.28,128.60758501765326
16.29,128.60758501765326
16.3,128.20065051081733
16.31,128.20065051081733
16.32,128.20065051081733
16.33,127.79371600398139
16.34,127.79371600398139
16.35,127.79371600398139
16.36,126.97984699030953
16.37,126.97984699030953
16.38,126.57291248347359
16.39,126.57291248347359
16.4,126.16597797663763
16.41,126.16597797663763
16.42,126.16597797663763
16.43,125.7590434698017
16.44,125.35210896296577
16.45,124.94517445612983
16.46,124.94517445612983
16.47,124.53823994929388
16.48,124.53823994929388
16.49,124.53823994929388
16.5,124.13130544245797
16.51,123.72437093562202
16.52,123.72437093562202
16.53,123.31743642878608
16.54,123.31743642878608
16.55,122.91050192195014
16.56,122.91050192195014
16.57,122.50356741511422
16.58,122.50356741511422
16.59,122.09663290827827
16.6,122.09663290827827
16.61,121.68969840144233
16.62,121.68969840144233
16.63,121.68969840144233
16.64,121.68969840144233
16.65,120.87582938777047
16.66,120.87582938777047
16.67,120.46889488093451
16.68,120.46889488093451
16.69,120.06196037409858
16.7,120.06196037409858
16.71,120.06196037409858
16.72,120.06196037409858
16.73,120.06196037409858
16.74,119.65502586726265
16.75,119.65502586726265
16.76,119.24809136042671
16.77,119.24809136042671
16.78,119.24809136042671
16.79,119.24809136042671
16.8,118.84115685359076
16.81,118.84115685359076
16.82,118.84115685359076
16.83,118.43422234675482
16.84,118.84115685359076
16.85,118.43422234675482
16.86,118.0272878399189
16.87,118.0272878399189
16.88,117.62035333308296
16.89,117.62035333308296
16.9,117.62035333308296
16.91,118.43422234675482
16.92,117.21341882624701
16.93,116.8064843194111
16.94,116.8064843194111
16.95,116.8064843194111
16.96,116.39954981257515
16.97,116.39954981257515
16.98,115.9926153057392
16.99,115.58568079890325
17.0,115.58568079890325
17.01,115.17874629206734
17.02,115.17874629206734
17.03,114.77181178523139
17.04,114.77181178523139
17.05,114.36487727839545
17.06,114.36487727839545
17.07,114.36487727839545
17.08,113.9579427715595
17.09,113.55100826472359
17.1,113.55100826472359
17.11,113.55100826472359
17.12,113.14407375788764
17.13,113.14407375788764
17.14,113.14407375788764
17.15,113.14407375788764
17.16,113.14407375788764
17.17,113.14407375788764
17.18,111.51633573054389
17.19,111.51633573054389
17.2,111.10940122370796
17.21,111.10940122370796
17.22,110.70246671687201
17.23,110.70246671687201
17.24,110.29553221003609
17.25,110.29553221003609
17.26,109.88859770320013
17.27,110.29553221003609
17.28,109.88859770320013
17.29,109.48166319636421
17.3,109.07472868952827
17.31,109.48166319636421
17.32,109.07472868952827
17.33,108.66779418269233
17.34,108.66779418269233
17.35,108.66779418269233
17.36,108.2608596758564
17.37,107.85392516902046
17.38,107.85392516902046
17.39,107.85392516902046
17.4,107.44699066218452
17.41,107.44699066218452
17.42,107.04005615534858
17.43,107.04005615534858
17.44,107.04005615534858
17.45,106.63312164851264
17.46,106.2261871416767
17.47,106.2261871416767
17.48,106.2261871416767
17.49,105.81925263484077
17.5,105.81925263484077
17.51,105.81925263484077
17.52,105.41231812800484
17.53,105.41231812800484
17.54,105.41231812800484
17.55,105.00538362116889
17.56,105.00538362116889
17.57,104.19151460749701
17.58,104.59844911433296
17.59,104.19151460749701
17.6,104.19151460749701
17.61,103.78457389133328
17.62,103.78457389133328
17.63,103.37763938449734
17.64,103.37763938449734
17.65,102.9707048776614
17.66,102.9707048776614
17.67,102.9707048776614
17.68,102.56377037082547
17.69,102.56377037082547
17.7,102.56377037082547
17.71,102.15683586398953
17.72,101.74990135715359
17.73,101.74990135715359
17.74,101.34296685031765
17.75,101.34296685031765
17.76,101.34296685031765
17.77,100.93603234348171
17.78,100.93603234348171
17.79,100.52909783664578
17.8,100.52909783664578
17.81,100.12216332980984
17.82,100.12216332980984
17.83,99.71522882297391
17.84,99.71522882297391
17.85,99.71522882297391
17.86,99.30829431613796
17.87,99.30829431613796
17.88,98.90135980930204
17.89,99.30829431613796
17.9,98.90135980930204
17.91,98.49442530246608
17.92,98.08749079563016
17.93,98.49442530246608
17.94,98.08749079563016
17.95,97.68055628879421
17.96,97.68055628879421
17.97,97.27362178195828
17.98,97.27362178195828
17.99,97.27362178195828
18.0,97.27362178195828
18.01,96.86668727512233
18.02,96.86668727512233
18.03,96.4597527682864
18.04,96.4597527682864
18.05,96.05281826145047
18.06,96.05281826145047
18.07,95.64588375461453
18.08,95.23894924777859
18.09,95.64588375461453
18.1,95.23894924777859
18.11,95.23894924777859
18.12,95.23894924777859
18.13,94.83201474094265
18.14,94.83201474094265
18.15,94.83201474094265
18.16,94.42508023410672
18.17,94.01814572727078
18.18,94.01814572727078
18.19,94.01814572727078
18.2,94.42508023410672
18.21,94.01814572727078
18.22,93.61121122043484
18.23,93.61121122043484
18.24,93.61121122043484
18.25,93.2042767135989
18.26,92.79734220676296
18.27,92.39040769992704
18.28,92.39040769992704
18.29,92.39040769992704
18.3,91.98347319309109
18.31,91.98347319309109
18.32,91.98347319309109
18.33,91.57653868625516
18.34,91.57653868625516
18.35,91.57653868625516
18.36,91.16960417941921
18.37,91.16960417941921
18.38,91.16960417941921
18.39,91.16960417941921
18.4,90.76266967258329
18.41,90.76266967258329
18.42,90.76266967258329
18.43,90.76266967258329
18.44,90.35573516574733
18.45,90.76266967258329
18.46,90.76266967258329
18.47,90.76266967258329
18.48,90.76266967258329
18.49,90.35573516574733
18.5,90.35573516574733
18.51,90.35573516574733
18.52,90.35573516574733
18.53,90.35573516574733
18.54,90.35573516574733
18.55,89.94880065891141
18.56,89.94880065891141
18.57,90.35573516574733
18.58,89.54186615207546
18.59,89.54186615207546
18.6,89.54186615207546
18.61,89.54186615207546
18.62,89.54186615207546
18.63,89.13493164523953
18.64,89.13493164523953
18.65,89.13493164523953
18.66,89.13493164523953
18.67,88.7279971384036
18.68,88.7279971384036
18.69,88.32106263156766
18.7,88.32106263156766
18.71,88.32106263156766
18.72,88.32106263156766
18.73,88.32106263156766
18.74,88.32106263156766
18.75,87.50719361789578
18.76,87.50719361789578
18.77,87.50719361789578
18.78,88.7279971384036
18.79,88.7279971384036
18.8,88.7279971384036
18.81,88.7279971384036
18.82,88.7279971384036
18.83,86.28639009738797
18.84,86.6933246042239
18.85,86.28639009738797
18.86,86.28639009738797
18.87,85.87945559055203
18.88,85.87945559055203
18.89,85.87945559055203
18.9,85.47252108371609
18.91,85.47252108371609
18.92,85.06558657688015
18.93,85.06558657688015
18.94,85.06558657688015
18.95,84.65865207004421
18.96,84.65865207004421
18.97,84.65865207004421
18.98,84.65865207004421
18.99,84.25171756320827
19.0,84.25171756320827
19.01,84.25171756320827
19.02,83.84478305637234
19.03,83.84478305637234
19.04,83.84478305637234
19.05,83.84478305637234
19.06,83.4378485495364
19.07,83.4378485495364
19.08,83.03091404270046
19.09,82.62397953586452
19.1,82.62397953586452
19.11,82.62397953586452
19.12,82.62397953586452
19.13,82.21704502902858
19.14,82.21704502902858
19.15,81.81011052219264
19.16,81.81011052219264
19.17,81.81011052219264
19.18,81.81011052219264
19.19,81.40317601535672
19.2,81.40317601535672
19.21,81.40317601535672
19.22,81.40317601535672
19.23,81.40317601535672
19.24,80.99624150852077
19.25,80.58930700168484
19.26,80.58930700168484
19.27,79.77543798801297
19.28,79.77543798801297
19.29,79.77543798801297
19.3,79.36850348117702
19.31,79.36850348117702
19.32,79.36850348117702
19.33,79.36850348117702
19.34,78.96156897434109
19.35,79.36850348117702
19.36,78.96156897434109
19.37,78.55463446750514
19.38,78.55463446750514
19.39,78.55463446750514
19.4,78.55463446750514
19.41,78.55463446750514
19.42,78.14769996066921
19.43,78.14769996066921
19.44,78.14769996066921
19.45,77.74076545383328
19.46,77.74076545383328
19.47,77.74076545383328
19.48,77.74076545383328
19.49,77.33383094699734
19.5,77.33383094699734
19.51,77.33383094699734
19.52,76.9268964401614
19.53,76.9268964401614
19.54,76.9268964401614
19.55,76.51996193332546
19.56,76.51996193332546
19.57,76.51996193332546
19.58,76.11302742648952
19.59,76.11302742648952
19.6,76.11302742648952
19.61,75.70609291965359
19.62,75.70609291965359
19.63,75.70609291965359
19.64,75.70609291965359
19.65,75.70609291965359
19.66,75.29915841281765
19.67,74.89222390598171
19.68,74.89222390598171
19.69,74.89222390598171
19.7,74.89222390598171
19.71,74.89222390598171
19.72,74.48528939914577
19.73,74.48528939914577
19.74,74.89222390598171
19.75,74.07835489230985
19.76,74.07835489230985
19.77,74.07835489230985
19.78,74.07835489230985
19.79,74.07835489230985
19.8,73.6714203854739
19.81,74.07835489230985
19.82,73.6714203854739
19.83,73.26448587863797
19.84,73.26448587863797
19.85,73.26448587863797
19.86,72.85755137180202
19.87,72.85755137180202
19.88,72.85755137180202
19.89,72.85755137180202
19.9,72.85755137180202
19.91,72.4506168649661
19.92,72.4506168649661
19.93,72.4506168649661
19.94,72.04368235813014
19.95,72.04368235813014
19.96,72.04368235813014
19.97,72.04368235813014
19.98,71.63674785129422
19.99,71.63674785129422
20.0,71.63674785129422
20.01,71.22981334445826
20.02,71.22981334445826
20.03,71.22981334445826
20.04,71.22981334445826
20.05,71.22981334445826
20.06,71.22981334445826
20.07,70.82287883762234
20.08,70.82287883762234
20.09,70.4159443307864
20.1,70.4159443307864
20.11,70.82287883762234
20.12,70.4159443307864
20.13,70.4159443307864
20.14,70.4159443307864
20.15,70.4159443307864
20.16,70.4159443307864
20.17,70.00900982395046
20.18,70.00900982395046
20.19,70.00900982395046
20.2,70.4159443307864
20.21,70.00900982395046
20.22,70.00900982395046
20.23,70.00900982395046
20.24,70.00900982395046
20.25,69.60207531711453
20.26,69.60207531711453
20.27,69.19514081027859
20.28,69.19514081027859
20.29,69.19514081027859
20.3,69.19514081027859
20.31,68.78820630344265
20.32,69.19514081027859
20.33,68.78820630344265
20.34,68.38127179660671
20.35,68.38127179660671
20.36,68.78820630344265
20.37,68.38127179660671
20.38,68.38127179660671
20.39,67.97433728977077
20.4,67.97433728977077
20.41,67.97433728977077
20.42,67.97433728977077
20.43,67.56740278293483
20.44,67.97433728977077
20.45,67.56740278293483
20.46,67.56740278293483
20.47,67.56740278293483
20.48,67.56740278293483
20.49,67.56740278293483
20.5,67.1604682760989
20.51,67.1604682760989
20.52,66.75353376926297
20.53,66.75353376926297
20.54,66.75353376926297
20.55,66.75353376926297
20.56,66.75353376926297
20.57,66.34659926242702
20.58,66.75353376926297
20.59,66.34659926242702
20.6,66.34659926242702
20.61,65.9396647555911
20.62,65.9396647555911
20.63,65.9396647555911
20.64,65.9396647555911
20.65,65.9396647555911
20.66,65.53273024875514
20.67,65.53273024875514
20.68,65.12579574191922
20.69,65.53273024875514
20.7,65.12579574191922
20.71,65.12579574191922
20.72,65.12579574191922
20.73,64.71886123508327
20.74,64.71886123508327
20.75,65.53273024875514
20.76,64.71886123508327
20.77,64.71886123508327
20.78,64.71886123508327
20.79,64.71886123508327
20.8,64.31192672824734
20.81,64.31192672824734
20.82,63.90499222141139
20.83,64.31192672824734
20.84,64.31192672824734
20.85,63.90499222141139
20.86,63.90499222141139
20.87,63.49805771457546
20.88,63.49805771457546
20.89,63.49805771457546
20.9,63.49805771457546
20.91,63.49805771457546
20.92,63.49805771457546
20.93,63.09112320773953
20.94,63.09112320773953
20.95,63.09112320773953
20.96,63.09112320773953
20.97,62.68418870090358
20.98,62.68418870090358
20.99,62.68418870090358
21.0,62.68418870090358
21.01,62.27725419406765
21.02,63.09112320773953
21.03,62.27725419406765
21.04,62.27725419406765
21.05,61.87031968723171
21.06,61.87031968723171
21.07,61.87031968723171
21.08,61.87031968723171
21.09,61.87031968723171
21.1,61.87031968723171
21.11,61.463385180395775
21.12,61.463385180395775
21.13,61.463385180395775
21.14,61.05645067355983
21.15,61.463385180395775
21.16,61.05645067355983
21.17,61.05645067355983
21.18,61.05645067355983
21.19,61.05645067355983
21.2,61.05645067355983
21.21,60.6495161667239
21.22,60.6495161667239
21.23,60.6495161667239
21.24,57.80097461887234
21.25,60.24258165988795
21.26,60.24258165988795
21.27,60.6495161667239
21.28,59.83564715305202
21.29,59.83564715305202
21.3,59.83564715305202
21.31,59.83564715305202
21.32,59.83564715305202
21.33,59.42871264621608
21.34,59.42871264621608
21.35,59.021778139380146
21.36,59.42871264621608
21.37,59.42871264621608
21.38,59.021778139380146
21.39,59.021778139380146
21.4,59.021778139380146
21.41,59.021778139380146
21.42,58.614843632544215
21.43,58.614843632544215
21.44,58.614843632544215
21.45,58.614843632544215
21.46,58.614843632544215
21.47,58.614843632544215
21.48,58.20790912570827
21.49,58.20790912570827
21.5,58.614843632544215
21.51,58.20790912570827
21.52,58.20790912570827
21.53,57.80097461887234
21.54,57.80097461887234
21.55,57.39404011203639
21.56,57.80097461887234
21.57,57.39404011203639
21.58,57.80097461887234
21.59,57.39404011203639
21.6,57.39404011203639
21.61,57.39404011203639
21.62,56.98710560520046
21.63,56.98710560520046
21.64,56.98710560520046
21.65,56.98710560520046
21.66,56.58017109836452
21.67,56.98710560520046
21.68,56.98710560520046
21.69,56.58017109836452
21.7,56.58017109836452
21.71,56.58017109836452
21.72,56.173236591528585
21.73,56.173236591528585
21.74,56.173236591528585
21.75,56.173236591528585
21.76,56.173236591528585
21.77,56.58017109836452
21.78,55.76630208469264
21.79,55.76630208469264
21.8,55.76630208469264
21.81,56.98710560520046
21.82,55.76630208469264
21.83,55.76630208469264
21.84,55.76630208469264
21.85,55.35936757785671
21.86,55.35936757785671
21.87,55.35936757785671
21.88,55.35936757785671
21.89,55.35936757785671
21.9,54.95243307102077
21.91,54.95243307102077
21.92,54.95243307102077
21.93,54.95243307102077
21.94,54.54549856418483
21.95,54.95243307102077
21.96,54.95243307102077
21.97,54.95243307102077
21.98,54.54549856418483
21.99,54.54549856418483
22.0,54.54549856418483
22.01,54.54549856418483
22.02,54.54549856418483
22.03,54.54549856418483
22.04,54.54549856418483
22.05,54.138564057348894
22.06,54.138564057348894
22.07,54.138564057348894
22.08,54.138564057348894
22.09,54.138564057348894
22.1,53.73162955051296
22.11,54.138564057348894
22.12,53.73162955051296
22.13,53.73162955051296
22.14,53.73162955051296
22.15,53.73162955051296
22.16,53.324695043677025
22.17,53.324695043677025
22.18,53.324695043677025
22.19,53.324695043677025
22.2,53.324695043677025
22.21,53.324695043677025
22.22,52.91776053684109
22.23,52.91776053684109
22.24,52.91776053684109
22.25,52.51082603000515
22.26,52.91776053684109
22.27,52.91776053684109
22.28,52.91776053684109
22.29,52.51082603000515
22.3,52.51082603000515
22.31,52.91776053684109
22.32,52.51082603000515
22.33,52.51082603000515
22.34,52.10389152316921
22.35,52.51082603000515
22.36,52.10389152316921
22.37,52.10389152316921
22.38,52.10389152316921
22.39,52.10389152316921
22.4,51.696960120997176
22.41,51.696960120997176
22.42,51.696960120997176
22.43,51.696960120997176
22.44,51.696960120997176
22.45,51.696960120997176
22.46,51.696960120997176
22.47,51.29002561416124
22.48,51.29002561416124
22.49,50.8830911073253
22.5,51.29002561416124
22.51,51.29002561416124
22.52,51.29002561416124
22.53,51.29002561416124
22.54,50.8830911073253
22.55,50.8830911073253
22.56,50.47615660048936
22.57,50.8830911073253
22.58,51.29002561416124
22.59,50.47615660048936
22.6,50.47615660048936
22.61,50.47615660048936
22.62,50.8830911073253
22.63,50.06922209365342
22.64,50.47615660048936
22.65,50.06922209365342
22.66,50.06922209365342
22.67,50.06922209365342
22.68,50.06922209365342
22.69,49.662287586817484
22.7,50.06922209365342
22.71,49.662287586817484
22.72,49.662287586817484
22.73,49.662287586817484
22.74,49.662287586817484
22.75,49.662287586817484
22.76,49.255353079981546
22.77,49.662287586817484
22.78,49.255353079981546
22.79,49.255353079981546
22.8,49.255353079981546
22.81,49.255353079981546
22.82,49.255353079981546
22.83,48.848418573145615
22.84,48.848418573145615
22.85,49.662287586817484
22.86,48.848418573145615
22.87,48.848418573145615
22.88,48.848418573145615
22.89,48.44148406630968
22.9,48.848418573145615
22.91,48.44148406630968
22.92,48.44148406630968
22.93,48.44148406630968
22.94,48.44148406630968
22.95,48.44148406630968
22.96,48.03454955947374
22.97,48.03454955947374
22.98,48.03454955947374
22.99,48.03454955947374
23.0,48.03454955947374
23.01,48.03454955947374
23.02,48.03454955947374
23.03,47.6276150526378
23.04,48.03454955947374
23.05,47.6276150526378
23.06,47.6276150526378
23.07,47.6276150526378
23.08,47.6276150526378
23.09,47.6276150526378
23.1,47.22068054580186
23.11,47.22068054580186
23.12,48.03454955947374
23.13,46.813746038965924
23.14,47.22068054580186
23.15,46.813746038965924
23.16,46.813746038965924
23.17,46.813746038965924
23.18,46.813746038965924
23.19,46.406811532129986
23.2,46.406811532129986
23.21,46.406811532129986
23.22,46.406811532129986
23.23,46.813746038965924
23.24,46.406811532129986
23.25,46.406811532129986
23.26,45.99987702529405
23.27,45.99987702529405
23.28,45.99987702529405
23.29,45.99987702529405
23.3,45.99987702529405
23.31,45.99987702529405
23.32,45.99987702529405
23.33,45.59294251845811
23.34,45.99987702529405
23.35,45.99987702529405
23.36,45.59294251845811
23.37,45.18600801162218
23.38,46.813746038965924
23.39,45.59294251845811
23.4,45.18600801162218
23.41,45.59294251845811
23.42,45.59294251845811
23.43,45.18600801162218
23.44,45.18600801162218
23.45,45.18600801162218
23.46,45.18600801162218
23.47,45.18600801162218
23.48,44.77907350478624
23.49,44.77907350478624
23.5,44.77907350478624
23.51,44.77907350478624
23.52,44.77907350478624
23.53,44.3721389979503
23.54,44.3721389979503
23.55,44.77907350478624
23.56,44.3721389979503
23.57,44.77907350478624
23.58,44.3721389979503
23.59,44.3721389979503
23.6,44.3721389979503
23.61,44.3721389979503
23.62,43.96520449111436
23.63,43.96520449111436
23.64,43.96520449111436
23.65,43.96520449111436
23.66,43.96520449111436
23.67,43.96520449111436
23.68,43.558269984278425
23.69,43.558269984278425
23.7,43.558269984278425
23.71,43.558269984278425
23.72,43.558269984278425
23.73,43.558269984278425
23.74,43.558269984278425
23.75,43.96520449111436
23.76,43.558269984278425
23.77,43.558269984278425
23.78,43.558269984278425
23.79,43.15133547744249
23.8,43.15133547744249
23.81,43.15133547744249
23.82,43.15133547744249
23.83,43.15133547744249
23.84,43.15133547744249
23.85,43.15133547744249
23.86,43.15133547744249
23.87,43.15133547744249
23.88,43.558269984278425
23.89,43.15133547744249
23.9,42.74440097060655
23.91,42.74440097060655
23.92,42.74440097060655
23.93,43.15133547744249
23.94,42.74440097060655
23.95,42.74440097060655
23.96,42.74440097060655
23.97,42.33746646377061
23.98,42.33746646377061
23.99,42.33746646377061
24.0,42.33746646377061
24.01,42.33746646377061
24.02,42.33746646377061
24.03,42.33746646377061
24.04,42.33746646377061
24.05,42.33746646377061
24.06,41.93053195693467
24.07,42.33746646377061
24.08,41.93053195693467
24.09,41.93053195693467
24.1,41.93053195693467
24.11,41.93053195693467
24.12,41.93053195693467
24.13,41.52359745009874
24.14,41.93053195693467
24.15,41.1166629432628
24.16,41.52359745009874
24.17,41.52359745009874
24.18,41.1166629432628
24.19,41.1166629432628
24.2,41.1166629432628
24.21,41.52359745009874
24.22,41.1166629432628
24.23,41.1166629432628
24.24,41.1166629432628
24.25,41.1166629432628
24.26,41.1166629432628
24.27,41.1166629432628
24.28,41.1166629432628
24.29,40.709728436426865
24.3,40.709728436426865
24.31,40.709728436426865
24.32,40.709728436426865
24.33,40.709728436426865
24.34,40.709728436426865
24.35,40.302793929590926
24.36,40.302793929590926
24.37,40.709728436426865
24.38,41.1166629432628
24.39,40.302793929590926
24.4,40.302793929590926
24.41,40.302793929590926
24.42,40.302793929590926
24.43,39.89585942275499
24.44,40.302793929590926
24.45,40.302793929590926
24.46,39.89585942275499
24.47,39.89585942275499
24.48,39.89585942275499
24.49,39.89585942275499
24.5,39.89585942275499
24.51,39.89585942275499
24.52,39.89585942275499
24.53,39.89585942275499
24.54,39.48892491591905
24.55,39.89585942275499
24.56,39.48892491591905
24.57,39.89585942275499
24.58,39.48892491591905
24.59,39.48892491591905
24.6,39.48892491591905
24.61,39.48892491591905
24.62,39.48892491591905
24.63,39.08199040908311
24.64,39.08199040908311
24.65,41.1166629432628
24.66,39.08199040908311
24.67,39.08199040908311
24.68,38.67505590224717
24.69,39.08199040908311
24.7,39.08199040908311
24.71,38.67505590224717
24.72,39.08199040908311
24.73,38.67505590224717
24.74,38.67505590224717
24.75,39.08199040908311
24.76,38.268121395411235
24.77,38.67505590224717
24.78,38.67505590224717
24.79,38.67505590224717
24.8,38.268121395411235
24.81,38.268121395411235
24.82,38.268121395411235
24.83,38.268121395411235
24.84,38.268121395411235
24.85,37.8611868885753
24.86,38.268121395411235
24.87,37.8611868885753
24.88,38.268121395411235
24.89,37.8611868885753
24.9,37.8611868885753
24.91,37.8611868885753
24.92,38.67505590224717
24.93,37.8611868885753
24.94,37.8611868885753
24.95,37.45425238173936
24.96,37.45425238173936
24.97,37.45425238173936
24.98,37.45425238173936
24.99,37.45425238173936
25.0,37.45425238173936
25.01,37.45425238173936
25.02,37.45425238173936
25.03,37.45425238173936
25.04,37.04731787490342
25.05,37.04731787490342
25.06,37.04731787490342
25.07,37.04731787490342
25.08,37.04731787490342
25.09,37.04731787490342
25.1,37.04731787490342
25.11,37.04731787490342
25.12,37.04731787490342
25.13,37.04731787490342
25.14,36.64038336806748
25.15,37.04731787490342
25.16,36.64038336806748
25.17,36.64038336806748
25.18,36.64038336806748
25.19,36.64038336806748
25.2,36.64038336806748
25.21,36.64038336806748
25.22,36.64038336806748
25.23,36.233448861231544
25.24,36.64038336806748
25.25,36.233448861231544
25.26,36.233448861231544
25.27,36.233448861231544
25.28,36.233448861231544
25.29,35.826514354395606
25.3,35.826514354395606
25.31,36.233448861231544
25.32,36.233448861231544
25.33,35.826514354395606
25.34,35.826514354395606
25.35,35.826514354395606
25.36,35.826514354395606
25.37,35.826514354395606
25.38,36.233448861231544
25.39,35.826514354395606
25.4,35.826514354395606
25.41,35.826514354395606
25.42,36.64038336806748
25.43,35.826514354395606
25.44,35.826514354395606
25.45,35.826514354395606
25.46,35.41957984755967
25.47,35.41957984755967
25.48,35.41957984755967
25.49,34.60571083388779
25.5,34.60571083388779
25.51,34.60571083388779
25.52,34.60571083388779
25.53,34.60571083388779
25.54,34.60571083388779
25.55,34.60571083388779
25.56,34.60571083388779
25.57,34.60571083388779
25.58,34.60571083388779
25.59,34.60571083388779
25.6,34.60571083388779
25.61,34.60571083388779
25.62,34.60571083388779
25.63,34.60571083388779
25.64,36.233448861231544
25.65,34.60571083388779
25.66,34.60571083388779
25.67,34.60571083388779
25.68,34.19877632705186
25.69,34.60571083388779
25.7,34.19877632705186
25.71,34.60571083388779
25.72,34.19877632705186
25.73,34.60571083388779
25.74,34.19877632705186
25.75,34.19877632705186
25.76,34.19877632705186
25.77,34.19877632705186
25.78,34.19877632705186
25.79,34.19877632705186
25.8,33.79184182021592
25.81,33.79184182021592
25.82,33.79184182021592
25.83,33.79184182021592
25.84,33.79184182021592
25.85,33.79184182021592
25.86,33.79184182021592
25.87,33.79184182021592
25.88,33.79184182021592
25.89,33.38490731337998
25.9,33.79184182021592
25.91,34.60571083388779
25.92,33.38490731337998
25.93,33.38490731337998
25.94,33.38490731337998
25.95,33.79184182021592
25.96,33.38490731337998
25.97,33.38490731337998
25.98,33.38490731337998
25.99,33.38490731337998
26.0,33.38490731337998
26.01,33.38490731337998
26.02,32.977972806544045
26.03,32.977972806544045
26.04,32.977972806544045
26.05,32.977972806544045
26.06,32.977972806544045
26.07,32.977972806544045
26.08,32.977972806544045
26.09,32.977972806544045
26.1,32.977972806544045
26.11,32.977972806544045
26.12,32.977972806544045
26.13,32.57103829970811
26.14,32.977972806544045
26.15,32.57103829970811
26.16,32.57103829970811
26.17,32.57103829970811
26.18,33.38490731337998
26.19,32.57103829970811
26.2,32.16410379287217
26.21,32.57103829970811
26.22,32.16410379287217
26.23,32.16410379287217
26.24,32.16410379287217
26.25,32.16410379287217
26.26,32.16410379287217
26.27,32.16410379287217
26.28,32.16410379287217
26.29,32.16410379287217
26.3,32.16410379287217
26.31,32.16410379287217
26.32,32.16410379287217
26.33,32.16410379287217
26.34,31.757169286036234
26.35,31.757169286036234
26.36,31.757169286036234
26.37,32.16410379287217
26.38,31.757169286036234
26.39,31.757169286036234
26.4,31.757169286036234
26.41,32.57103829970811
26.42,31.757169286036234
26.43,31.757169286036234
26.44,31.350234779200296
26.45,31.350234779200296
26.46,31.350234779200296
26.47,31.350234779200296
26.48,31.350234779200296
26.49,31.757169286036234
26.5,31.350234779200296
26.51,31.350234779200296
26.52,30.943300272364358
26.53,31.350234779200296
26.54,31.350234779200296
26.55,31.350234779200296
26.56,30.943300272364358
26.57,31.350234779200296
26.58,30.943300272364358
26.59,31.350234779200296
26.6,30.943300272364358
26.61,30.943300272364358
26.62,30.943300272364358
26.63,30.943300272364358
26.64,31.350234779200296
26.65,30.943300272364358
26.66,30.943300272364358
26.67,30.536365765528423
26.68,31.350234779200296
26.69,30.536365765528423
26.7,30.943300272364358
26.71,30.943300272364358
26.72,31.350234779200296
26.73,30.536365765528423
26.74,30.536365765528423
26.75,30.536365765528423
26.76,30.536365765528423
26.77,30.129431258692485
26.78,30.536365765528423
26.79,30.129431258692485
26.8,30.536365765528423
26.81,30.536365765528423
26.82,30.129431258692485
26.83,30.129431258692485
26.84,30.129431258692485
26.85,30.129431258692485
26.86,30.129431258692485
26.87,30.129431258692485
26.88,30.129431258692485
26.89,30.129431258692485
26.9,30.129431258692485
26.91,30.129431258692485
26.92,30.129431258692485
26.93,29.722496751856546
26.94,29.722496751856546
26.95,30.129431258692485
26.96,29.722496751856546
26.97,29.722496751856546
26.98,29.722496751856546
26.99,29.722496751856546
27.0,29.315562245020608
27.01,29.722496751856546
27.02,29.315562245020608
27.03,29.722496751856546
27.04,29.315562245020608
27.05,29.315562245020608
27.06,29.315562245020608
27.07,28.90862773818467
27.08,29.315562245020608
27.09,29.315562245020608
27.1,29.315562245020608
27.11,29.315562245020608
27.12,28.90862773818467
27.13,28.90862773818467
27.14,29.315562245020608
27.15,28.90862773818467
27.16,28.90862773818467
27.17,28.90862773818467
27.18,28.90862773818467
27.19,28.90862773818467
27.2,28.90862773818467
27.21,28.90862773818467
27.22,29.315562245020608
27.23,28.90862773818467
27.24,28.90862773818467
27.25,28.90862773818467
27.26,30.129431258692485
27.27,28.90862773818467
27.28,28.90862773818467
27.29,28.90862773818467
27.3,28.90862773818467
27.31,28.50169323134873
27.32,28.50169323134873
27.33,28.50169323134873
27.34,28.50169323134873
27.35,28.50169323134873
27.36,28.50169323134873
27.37,28.50169323134873
27.38,28.50169323134873
27.39,28.50169323134873
27.4,28.50169323134873
27.41,28.50169323134873
27.42,28.50169323134873
27.43,28.50169323134873
27.44,28.094758724512793
27.45,28.50169323134873
27.46,28.094758724512793
27.47,28.094758724512793
27.48,28.094758724512793
27.49,28.50169323134873
27.5,28.094758724512793
27.51,28.094758724512793
27.52,28.094758724512793
27.53,28.094758724512793
27.54,28.094758724512793
27.55,28.094758724512793
27.56,28.094758724512793
27.57,28.094758724512793
27.58,28.094758724512793
27.59,28.094758724512793
27.6,28.094758724512793
27.61,27.68782421767686
27.62,27.68782421767686
27.63,27.68782421767686
27.64,27.68782421767686
27.65,27.68782421767686
27.66,27.68782421767686
27.67,27.28088971084092
27.68,27.68782421767686
27.69,27.28088971084092
27.7,27.28088971084092
27.71,27.68782421767686
27.72,27.28088971084092
27.73,27.28088971084092
27.74,27.28088971084092
27.75,27.68782421767686
27.76,27.68782421767686
27.77,27.28088971084092
27.78,27.28088971084092
27.79,27.28088971084092
27.8,27.68782421767686
27.81,26.873955204004982
27.82,27.28088971084092
27.83,27.28088971084092
27.84,27.28088971084092
27.85,26.873955204004982
27.86,26.873955204004982
27.87,26.873955204004982
27.88,26.873955204004982
27.89,26.873955204004982
27.9,26.873955204004982
27.91,26.873955204004982
27.92,26.873955204004982
27.93,26.467020697169044
27.94,26.873955204004982
27.95,26.467020697169044
27.96,26.467020697169044
27.97,26.873955204004982
27.98,26.467020697169044
27.99,26.873955204004982
28.0,26.467020697169044
28.01,26.467020697169044
28.02,26.467020697169044
28.03,26.873955204004982
28.04,26.467020697169044
28.05,26.060086190333106
28.06,26.467020697169044
28.07,26.467020697169044
28.08,26.467020697169044
28.09,26.060086190333106
28.1,26.060086190333106
28.11,26.467020697169044
28.12,26.467020697169044
28.13,26.060086190333106
28.14,26.060086190333106
28.15,26.060086190333106
28.16,26.060086190333106
28.17,26.060086190333106
28.18,26.060086190333106
28.19,26.060086190333106
28.2,26.060086190333106
28.21,26.060086190333106
28.22,26.060086190333106
28.23,26.060086190333106
28.24,25.65315168349717
28.25,25.65315168349717
28.26,26.060086190333106
28.27,25.65315168349717
28.28,25.65315168349717
28.29,25.65315168349717
28.3,26.060086190333106
28.31,25.65315168349717
28.32,25.246217176661233
28.33,25.65315168349717
28.34,24.839282669825295
28.35,25.246217176661233
28.36,25.65315168349717
28.37,25.65315168349717
28.38,25.65315168349717
28.39,25.246217176661233
28.4,25.65315168349717
28.41,25.246217176661233
28.42,25.65315168349717
28.43,25.246217176661233
28.44,25.246217176661233
28.45,25.246217176661233
28.46,25.246217176661233
28.47,25.246217176661233
28.48,24.839282669825295
28.49,25.246217176661233
28.5,25.246217176661233
28.51,25.246217176661233
28.52,24.839282669825295
28.53,24.839282669825295
28.54,24.839282669825295
28.55,24.839282669825295
28.56,25.246217176661233
28.57,25.246217176661233
28.58,24.839282669825295
28.59,25.246217176661233
28.6,24.839282669825295
28.61,24.432348162989356
28.62,24.839282669825295
28.63,24.839282669825295
28.64,24.432348162989356
28.65,24.839282669825295
28.66,24.839282669825295
28.67,24.839282669825295
28.68,24.432348162989356
28.69,24.432348162989356
28.7,24.432348162989356
28.71,24.432348162989356
28.72,24.839282669825295
28.73,24.432348162989356
28.74,24.432348162989356
28.75,24.432348162989356
28.76,24.432348162989356
28.77,24.432348162989356
28.78,24.02541365615342
28.79,24.02541365615342
28.8,24.432348162989356
28.81,24.02541365615342
28.82,24.02541365615342
28.83,24.02541365615342
28.84,24.432348162989356
28.85,24.02541365615342
28.86,24.02541365615342
28.87,24.02541365615342
28.88,24.839282669825295
28.89,23.618479149317483
28.9,24.02541365615342
28.91,24.02541365615342
28.92,24.02541365615342
28.93,24.02541365615342
28.94,24.02541365615342
28.95,24.02541365615342
28.96,24.02541365615342
28.97,23.618479149317483
28.98,23.618479149317483
28.99,23.618479149317483
29.0,23.618479149317483
29.01,23.618479149317483
29.02,23.618479149317483
29.03,23.618479149317483
29.04,23.618479149317483
29.05,23.618479149317483
29.06,23.618479149317483
29.07,23.618479149317483
29.08,23.618479149317483
29.09,23.618479149317483
29.1,23.618479149317483
29.11,24.02541365615342
29.12,23.618479149317483
29.13,23.618479149317483
29.14,23.618479149317483
29.15,22.804610135645607
29.16,23.618479149317483
29.17,23.618479149317483
29.18,23.618479149317483
29.19,23.618479149317483
29.2,23.211544642481545
29.21,23.211544642481545
29.22,23.211544642481545
29.23,23.211544642481545
29.24,23.211544642481545
29.25,23.211544642481545
29.26,23.211544642481545
29.27,23.211544642481545
29.28,23.211544642481545
29.29,23.211544642481545
29.3,23.211544642481545
29.31,23.211544642481545
29.32,23.211544642481545
29.33,23.211544642481545
29.34,22.804610135645607
29.35,23.211544642481545
29.36,23.211544642481545
29.37,23.211544642481545
29.38,23.618479149317483
29.39,22.804610135645607
29.4,23.211544642481545
29.41,22.804610135645607
29.42,22.804610135645607
29.43,22.804610135645607
29.44,22.804610135645607
29.45,22.804610135645607
29.46,22.804610135645607
29.47,22.804610135645607
29.48,22.804610135645607
29.49,22.39767562880967
29.5,22.804610135645607
29.51,22.39767562880967
29.52,22.804610135645607
29.53,22.39767562880967
29.54,22.804610135645607
29.55,22.39767562880967
29.56,22.804610135645607
29.57,22.39767562880967
29.58,22.39767562880967
29.59,22.39767562880967
29.6,22.39767562880967
29.61,22.39767562880967
29.62,22.39767562880967
29.63,22.39767562880967
29.64,22.39767562880967
29.65,23.211544642481545
29.66,22.39767562880967
29.67,22.39767562880967
29.68,21.990741121973734
29.69,21.990741121973734
29.7,21.990741121973734
29.71,21.990741121973734
29.72,21.990741121973734
29.73,22.39767562880967
29.74,22.39767562880967
29.75,21.990741121973734
29.76,21.990741121973734
29.77,21.990741121973734
29.78,21.990741121973734
29.79,21.990741121973734
29.8,21.990741121973734
29.81,21.583806615137796
29.82,21.990741121973734
29.83,21.990741121973734
29.84,21.990741121973734
29.85,21.583806615137796
29.86,21.990741121973734
29.87,21.583806615137796
29.88,21.583806615137796
29.89,21.990741121973734
29.9,21.583806615137796
29.91,21.583806615137796
29.92,22.39767562880967
29.93,21.583806615137796
29.94,21.583806615137796
29.95,21.583806615137796
29.96,21.583806615137796
29.97,21.583806615137796
29.98,21.583806615137796
29.99,21.583806615137796
30.0,21.176872108301858
30.01,21.176872108301858
30.02,21.583806615137796
30.03,21.583806615137796
30.04,21.583806615137796
30.05,21.583806615137796
30.06,21.583806615137796
30.07,21.583806615137796
30.08,21.176872108301858
30.09,21.176872108301858
30.1,21.176872108301858
30.11,21.176872108301858
30.12,21.176872108301858
30.13,21.176872108301858
30.14,21.176872108301858
30.15,20.76993760146592
30.16,21.176872108301858
30.17,20.76993760146592
30.18,21.583806615137796
30.19,21.176872108301858
30.2,20.76993760146592
30.21,21.176872108301858
30.22,20.76993760146592
30.23,20.76993760146592
30.24,21.176872108301858
30.25,20.76993760146592
30.26,20.76993760146592
30.27,20.76993760146592
30.28,20.76993760146592
30.29,20.76993760146592
30.3,20.76993760146592
30.31,20.76993760146592
30.32,20.363003094629985
30.33,20.363003094629985
30.34,20.363003094629985
30.35,20.363003094629985
30.36,20.363003094629985
30.37,20.76993760146592
30.38,20.363003094629985
30.39,20.76993760146592
30.4,20.363003094629985
30.41,20.76993760146592
30.42,20.363003094629985
30.43,20.363003094629985
30.44,20.363003094629985
30.45,20.363003094629985
30.46,20.76993760146592
30.47,20.363003094629985
30.48,20.363003094629985
30.49,20.363003094629985
30.5,20.363003094629985
30.51,19.956068587794046
30.52,19.956068587794046
30.53,20.363003094629985
30.54,19.956068587794046
30.55,19.956068587794046
30.56,19.956068587794046
30.57,19.956068587794046
30.58,19.956068587794046
30.59,19.956068587794046
30.6,19.956068587794046
30.61,19.956068587794046
30.62,19.956068587794046
30.63,19.54913408095811
30.64,19.956068587794046
30.65,19.54913408095811
30.66,19.956068587794046
30.67,19.956068587794046
30.68,19.956068587794046
30.69,19.54913408095811
30.7,19.54913408095811
30.71,19.54913408095811
30.72,19.54913408095811
30.73,19.956068587794046
30.74,19.54913408095811
30.75,19.54913408095811
30.76,19.54913408095811
30.77,19.54913408095811
30.78,19.956068587794046
30.79,19.54913408095811
30.8,19.54913408095811
30.81,19.54913408095811
30.82,19.54913408095811
30.83,19.54913408095811
30.84,19.54913408095811
30.85,19.54913408095811
30.86,19.54913408095811
30.87,19.54913408095811
30.88,19.54913408095811
30.89,19.54913408095811
30.9,19.54913408095811
30.91,19.54913408095811
30.92,19.54913408095811
30.93,19.14219957412217
30.94,19.14219957412217
30.95,19.54913408095811
30.96,19.14219957412217
30.97,19.54913408095811
30.98,19.54913408095811
30.99,19.14219957412217
31.0,19.54913408095811
31.01,19.14219957412217
31.02,19.54913408095811
31.03,19.14219957412217
31.04,19.14219957412217
31.05,19.54913408095811
31.06,19.14219957412217
